,athlete_id,athlete_name,athlete_link
0,6550324,Claire Graves,https://www.tfrrs.org/athletes/6550324/Boise_State/Claire_Graves.html
1,6988115,Katharina Pesendorfer,https://www.tfrrs.org/athletes/6988115/Tulsa/Katharina_Pesendorfer.html
2,5956977,Julia Guerra,https://www.tfrrs.org/athletes/5956977/Penn_State/Julia_Guerra.html
3,6419763,Olivia  Hummel,https://www.tfrrs.org/athletes/6419763/Minnesota/Olivia__Hummel.html
4,6504307,Erin Sullivan,https://www.tfrrs.org/athletes/6504307/Notre_Dame_IN/Erin_Sullivan.html
5,5976316,Jena Metwalli,https://www.tfrrs.org/athletes/5976316/Michigan/Jena_Metwalli.html
6,5962971,Hannah DeBalsi,https://www.tfrrs.org/athletes/5962971/Stanford/Hannah_DeBalsi.html
7,7388751,Madison Edwards,https://www.tfrrs.org/athletes/7388751/Air_Force/Madison_Edwards.html
8,6467711,Maria Eastman,https://www.tfrrs.org/athletes/6467711/Minnesota/Maria_Eastman.html
9,6600910,Maddie Cannon,https://www.tfrrs.org/athletes/6600910/BYU/Maddie_Cannon.html
10,6427856,Hannah Waskom,https://www.tfrrs.org/athletes/6427856/Washington/Hannah_Waskom.html
11,6151293,Lindsey Rudden,https://www.tfrrs.org/athletes/6151293/Michigan_State/Lindsey_Rudden.html
12,7396828,Keely  Jones,https://www.tfrrs.org/athletes/7396828/Tulsa/Keely__Jones.html
13,6419769,Tate Sweeney,https://www.tfrrs.org/athletes/6419769/Minnesota/Tate_Sweeney.html
14,6910596,Lydia Hallam,https://www.tfrrs.org/athletes/6910596/New_Mexico/Lydia_Hallam.html
15,7371415,Ava Peeples,https://www.tfrrs.org/athletes/7371415/Florida_State/Ava_Peeples.html
16,7388052,Adoette Vaughan,https://www.tfrrs.org/athletes/7388052/Arkansas/Adoette_Vaughan.html
17,6587176,Delaney Rasmussen,https://www.tfrrs.org/athletes/6587176/Northern_Arizona/Delaney_Rasmussen.html
18,6887134,Philippa Bowden,https://www.tfrrs.org/athletes/6887134/Oregon/Philippa_Bowden.html
19,5537651,Karrigan Smith,https://www.tfrrs.org/athletes/5537651/Michigan_State/Karrigan_Smith.html
20,7384086,Ember Stratton,https://www.tfrrs.org/athletes/7384086/BYU/Ember_Stratton.html
21,7364608,Kileigh Kane,https://www.tfrrs.org/athletes/7364608/Penn_State/Kileigh_Kane.html
22,7376708,Gia Napolean,https://www.tfrrs.org/athletes/7376708/Ohio_State/Gia_Napolean.html
23,6418356,Caroline Fix,https://www.tfrrs.org/athletes/6418356/Illinois/Caroline_Fix.html
24,7046390,Katie Osika,https://www.tfrrs.org/athletes/7046390/Michigan_State/Katie_Osika.html
25,6436296,Raquel Powers,https://www.tfrrs.org/athletes/6436296/Michigan/Raquel_Powers.html
26,7046628,Emma Sjolund,https://www.tfrrs.org/athletes/7046628/Northern_Arizona/Emma_Sjolund.html
27,6877087,Elizabeth Constien,https://www.tfrrs.org/athletes/6877087/Colorado/Elizabeth_Constien.html
28,7389433,Brenda Rosales-Coria,https://www.tfrrs.org/athletes/7389433/New_Mexico/Brenda_Rosales-Coria.html
29,6418359,Katie Stapleton,https://www.tfrrs.org/athletes/6418359/Illinois/Katie_Stapleton.html
30,6932510,Maya Rayle,https://www.tfrrs.org/athletes/6932510/Harvard/Maya_Rayle.html
31,6576236,Camille  Davre,https://www.tfrrs.org/athletes/6576236/Michigan/Camille__Davre.html
32,6023151,Anna Busatto,https://www.tfrrs.org/athletes/6023151/Utah/Anna_Busatto.html
33,6438907,Alondra Negron,https://www.tfrrs.org/athletes/6438907/New_Mexico/Alondra_Negron.html
34,7366521,Samantha Bush,https://www.tfrrs.org/athletes/7366521/North_Carolina_St/Samantha_Bush.html
35,6882597,Sadie Sargent,https://www.tfrrs.org/athletes/6882597/BYU/Sadie_Sargent.html
36,5597293,Kayla Keane,https://www.tfrrs.org/athletes/5597293/Michigan/Kayla_Keane.html
37,6876650,Quinn Owen,https://www.tfrrs.org/athletes/6876650/Arkansas/Quinn_Owen.html
38,6876394,Isabel Zimmermann,https://www.tfrrs.org/athletes/6876394/North_Carolina_St/Isabel_Zimmermann.html
39,5597300,Faith Reynolds,https://www.tfrrs.org/athletes/5597300/Michigan/Faith_Reynolds.html
40,7397907,Sarah  Shulze,https://www.tfrrs.org/athletes/7397907/Wisconsin/Sarah__Shulze.html
41,6874632,Amari Onque-Shabazz,https://www.tfrrs.org/athletes/6874632/Villanova/Amari_Onque-Shabazz.html
42,6454344,Samantha Marin,https://www.tfrrs.org/athletes/6454344/Columbia/Samantha_Marin.html
43,7415991,Kristin Fahy,https://www.tfrrs.org/athletes/7415991/Stanford/Kristin_Fahy.html
44,6880758,Valery Tobias,https://www.tfrrs.org/athletes/6880758/Texas/Valery_Tobias.html
45,6988113,Alice Newcombe,https://www.tfrrs.org/athletes/6988113/Tulsa/Alice_Newcombe.html
46,7032647,Emeline Delanis,https://www.tfrrs.org/athletes/7032647/Boston_College/Emeline_Delanis.html
47,7400022,Shaked Leibovitz,https://www.tfrrs.org/athletes/7400022/Harvard/Shaked_Leibovitz.html
48,6002746,Judy Pendergast,https://www.tfrrs.org/athletes/6002746/Harvard/Judy_Pendergast.html
49,7370363,Isabel Hebner,https://www.tfrrs.org/athletes/7370363/Texas/Isabel_Hebner.html
50,6419177,Emma Kuntz,https://www.tfrrs.org/athletes/6419177/Furman/Emma_Kuntz.html
51,7376709,Kathleen Shay,https://www.tfrrs.org/athletes/7376709/Ohio_State/Kathleen_Shay.html
52,6871866,Andrea Demko,https://www.tfrrs.org/athletes/6871866/Penn_State/Andrea_Demko.html
53,7412028,Katy Storti,https://www.tfrrs.org/athletes/7412028/Cornell/Katy_Storti.html
54,6418581,Moira O'Shea,https://www.tfrrs.org/athletes/6418581/Oregon/Moira_O'Shea.html
55,7409429,Hannah Behunin,https://www.tfrrs.org/athletes/7409429/Northern_Arizona/Hannah_Behunin.html
56,6882651,Emily Virtue,https://www.tfrrs.org/athletes/6882651/Columbia/Emily_Virtue.html
57,6427854,Allie Schadler,https://www.tfrrs.org/athletes/6427854/Washington/Allie_Schadler.html
58,5960612,Bianca Alonzo,https://www.tfrrs.org/athletes/5960612/Columbia/Bianca_Alonzo.html
59,6902183,Marissa Flournoy,https://www.tfrrs.org/athletes/6902183/Texas/Marissa_Flournoy.html
60,6455154,India Johnson,https://www.tfrrs.org/athletes/6455154/Michigan_State/India_Johnson.html
61,7394634,Anna Mark-Helwigh,https://www.tfrrs.org/athletes/7394634/Villanova/Anna_Mark-Helwigh.html
62,7394636,Nikki Merrill,https://www.tfrrs.org/athletes/7394636/Villanova/Nikki_Merrill.html
63,5962963,Audrey Huelskamp,https://www.tfrrs.org/athletes/5962963/Cornell/Audrey_Huelskamp.html
64,6874629,McKenna  Keegan,https://www.tfrrs.org/athletes/6874629/Villanova/McKenna__Keegan.html
65,6459080,Melissa Zammitti,https://www.tfrrs.org/athletes/6459080/Cornell/Melissa_Zammitti.html
66,5956169,Carissa Dock,https://www.tfrrs.org/athletes/5956169/Minnesota/Carissa_Dock.html
67,6905820,Kristen Garcia,https://www.tfrrs.org/athletes/6905820/Wisconsin/Kristen_Garcia.html
68,6419178,Emily Lane,https://www.tfrrs.org/athletes/6419178/Furman/Emily_Lane.html
69,6436291,Alice  Hill,https://www.tfrrs.org/athletes/6436291/Michigan/Alice__Hill.html
70,6002749,Gillian Meeks,https://www.tfrrs.org/athletes/6002749/Harvard/Gillian_Meeks.html
71,7382645,Ellie Lundgreen,https://www.tfrrs.org/athletes/7382645/Utah/Ellie_Lundgreen.html
72,6910597,Alexandra Harris,https://www.tfrrs.org/athletes/6910597/New_Mexico/Alexandra_Harris.html
73,5956171,Lindsey  Greenlund,https://www.tfrrs.org/athletes/5956171/Minnesota/Lindsey__Greenlund.html
74,6877076,Caramia Mestler,https://www.tfrrs.org/athletes/6877076/Oregon/Caramia_Mestler.html
75,6951906,Sofia Camacho,https://www.tfrrs.org/athletes/6951906/Columbia/Sofia_Camacho.html
76,6418584,Jordan Williams,https://www.tfrrs.org/athletes/6418584/Penn_State/Jordan_Williams.html
77,6023152,Emma Christensen,https://www.tfrrs.org/athletes/6023152/Utah/Emma_Christensen.html
78,7391466,Olivia Howell,https://www.tfrrs.org/athletes/7391466/Illinois/Olivia_Howell.html
79,5961475,Clare O'Brien,https://www.tfrrs.org/athletes/5961475/Boise_State/Clare_O'Brien.html
80,7377360,Mikaela Ramirez,https://www.tfrrs.org/athletes/7377360/Indiana_IN/Mikaela_Ramirez.html
81,6023158,Trina Moreno,https://www.tfrrs.org/athletes/6023158/Utah/Trina_Moreno.html
82,6418355,Nicki Cast,https://www.tfrrs.org/athletes/6418355/Illinois/Nicki_Cast.html
83,5966782,Madison Boreman,https://www.tfrrs.org/athletes/5966782/Colorado/Madison_Boreman.html
84,6431111,Aneta Konieczek,https://www.tfrrs.org/athletes/6431111/Oregon/Aneta_Konieczek.html
85,6419770,Jaycie Thomsen,https://www.tfrrs.org/athletes/6419770/Minnesota/Jaycie_Thomsen.html
86,6418653,Susan Ejore,https://www.tfrrs.org/athletes/6418653/Oregon/Susan_Ejore.html
87,5461363,Paige Duca,https://www.tfrrs.org/athletes/5461363/Boston_College/Paige_Duca.html
88,6880753,Claudine Blancaflor,https://www.tfrrs.org/athletes/6880753/Texas/Claudine_Blancaflor.html
89,6133404,Devon Leahy,https://www.tfrrs.org/athletes/6133404/Ohio_State/Devon_Leahy.html
90,6876393,Julia Zachgo,https://www.tfrrs.org/athletes/6876393/North_Carolina_St/Julia_Zachgo.html
91,6438774,Juanita Johnson,https://www.tfrrs.org/athletes/6438774/New_Mexico/Juanita_Johnson.html
92,5962978,Kyleigh Spearing,https://www.tfrrs.org/athletes/5962978/Cornell/Kyleigh_Spearing.html
93,6877989,Natalie Morris,https://www.tfrrs.org/athletes/6877989/Cornell/Natalie_Morris.html
94,5989852,Suzanne Dannheim,https://www.tfrrs.org/athletes/5989852/George_Washington/Suzanne_Dannheim.html
95,6002748,Brooke Starn,https://www.tfrrs.org/athletes/6002748/Harvard/Brooke_Starn.html
96,6441192,Annasophia Keller,https://www.tfrrs.org/athletes/6441192/Notre_Dame_IN/Annasophia_Keller.html
97,7394638,Brynne Sumner,https://www.tfrrs.org/athletes/7394638/Villanova/Brynne_Sumner.html
98,6880754,Beth Ramos,https://www.tfrrs.org/athletes/6880754/Texas/Beth_Ramos.html
99,7384285,Linnaea Kavulich,https://www.tfrrs.org/athletes/7384285/Columbia/Linnaea_Kavulich.html
100,6902184,Madeline Vondra,https://www.tfrrs.org/athletes/6902184/Texas/Madeline_Vondra.html
101,5956175,Zetta  Mason,https://www.tfrrs.org/athletes/5956175/Minnesota/Zetta__Mason.html
102,6892693,Erin Archibeck,https://www.tfrrs.org/athletes/6892693/Notre_Dame_IN/Erin_Archibeck.html
103,5464417,Kelsey Harris,https://www.tfrrs.org/athletes/5464417/Indiana_IN/Kelsey_Harris.html
104,5962970,Christina Aragon,https://www.tfrrs.org/athletes/5962970/Stanford/Christina_Aragon.html
105,5464816,Emily Acker,https://www.tfrrs.org/athletes/5464816/Columbia/Emily_Acker.html
106,6099372,Reagan Hausmann,https://www.tfrrs.org/athletes/6099372/Tulsa/Reagan_Hausmann.html
107,6099374,Adrena Mazzei,https://www.tfrrs.org/athletes/6099374/Tulsa/Adrena_Mazzei.html
108,7392318,Emily Moyes,https://www.tfrrs.org/athletes/7392318/Boise_State/Emily_Moyes.html
109,5982799,Swathi Samuel,https://www.tfrrs.org/athletes/5982799/Air_Force/Swathi_Samuel.html
110,5777555,Karina Mann,https://www.tfrrs.org/athletes/5777555/Colorado/Karina_Mann.html
111,6876670,Abi Little,https://www.tfrrs.org/athletes/6876670/Indiana_IN/Abi_Little.html
112,7377359,Abby Green,https://www.tfrrs.org/athletes/7377359/Indiana_IN/Abby_Green.html
113,7391470,Emma Wilson,https://www.tfrrs.org/athletes/7391470/Illinois/Emma_Wilson.html
114,7400018,Isabell Sagar,https://www.tfrrs.org/athletes/7400018/Harvard/Isabell_Sagar.html
115,6099375,Jenny O'Bryan,https://www.tfrrs.org/athletes/6099375/Tulsa/Jenny_O'Bryan.html
116,7487570,Sarah Flynn,https://www.tfrrs.org/athletes/7487570/Boston_College/Sarah_Flynn.html
117,5466328,Shannon Molvin,https://www.tfrrs.org/athletes/5466328/Northern_Arizona/Shannon_Molvin.html
118,6423775,Kalee Soehnlen,https://www.tfrrs.org/athletes/6423775/Ohio_State/Kalee_Soehnlen.html
119,6876666,Jenna Barker,https://www.tfrrs.org/athletes/6876666/Indiana_IN/Jenna_Barker.html
120,5959448,Abby Gray,https://www.tfrrs.org/athletes/5959448/Arkansas/Abby_Gray.html
121,7404688,Jocelyn Long,https://www.tfrrs.org/athletes/7404688/Notre_Dame_IN/Jocelyn_Long.html
122,7364605,Megan Ciasullo,https://www.tfrrs.org/athletes/7364605/Penn_State/Megan_Ciasullo.html
123,5974554,Grace Dwyer,https://www.tfrrs.org/athletes/5974554/Furman/Grace_Dwyer.html
124,5956178,Sarah Werking,https://www.tfrrs.org/athletes/5956178/Minnesota/Sarah_Werking.html
125,6623577,Julia Rizk,https://www.tfrrs.org/athletes/6623577/Ohio_State/Julia_Rizk.html
126,6141701,Kathryn House,https://www.tfrrs.org/athletes/6141701/Michigan/Kathryn_House.html
127,6419766,Anastasia Korzenowski,https://www.tfrrs.org/athletes/6419766/Minnesota/Anastasia_Korzenowski.html
128,6443363,Emma McClellan,https://www.tfrrs.org/athletes/6443363/Mississippi/Emma_McClellan.html
129,6443351,Lisa Vogelgesang,https://www.tfrrs.org/athletes/6443351/Mississippi/Lisa_Vogelgesang.html
130,5462640,Maddie McHugh,https://www.tfrrs.org/athletes/5462640/Mississippi/Maddie_McHugh.html
131,7376706,Allie Guagenti,https://www.tfrrs.org/athletes/7376706/Ohio_State/Allie_Guagenti.html
132,5994761,Ashley Driscoll,https://www.tfrrs.org/athletes/5994761/Texas_AM/Ashley_Driscoll.html
133,6924527,Emma Milburn,https://www.tfrrs.org/athletes/6924527/Illinois/Emma_Milburn.html
134,6877115,Fian Sullivan Sweeney,https://www.tfrrs.org/athletes/6877115/Boston_College/Fian_Sullivan_Sweeney.html
135,6427850,Camila David-Smith,https://www.tfrrs.org/athletes/6427850/Washington/Camila_David-Smith.html
136,6877121,Anna Oeser,https://www.tfrrs.org/athletes/6877121/Boston_College/Anna_Oeser.html
137,7392316,Lara  Hamilton,https://www.tfrrs.org/athletes/7392316/Boise_State/Lara__Hamilton.html
138,6420313,Mia Nahom,https://www.tfrrs.org/athletes/6420313/Connecticut/Mia_Nahom.html
139,6476155,Sara Musselman,https://www.tfrrs.org/athletes/6476155/BYU/Sara_Musselman.html
140,6418354,Rebecca Craddock,https://www.tfrrs.org/athletes/6418354/Illinois/Rebecca_Craddock.html
141,6133408,Lainey Studebaker,https://www.tfrrs.org/athletes/6133408/Ohio_State/Lainey_Studebaker.html
142,5991841,Linda Cheruiyot,https://www.tfrrs.org/athletes/5991841/UTEP/Linda_Cheruiyot.html
143,6905823,Peyton  Sippy,https://www.tfrrs.org/athletes/6905823/Wisconsin/Peyton__Sippy.html
144,6532167,Arina Kleshchukova,https://www.tfrrs.org/athletes/6532167/New_Orleans/Arina_Kleshchukova.html
145,5988781,Megan Mooney,https://www.tfrrs.org/athletes/5988781/Florida_State/Megan_Mooney.html
146,6443352,Madeleine King,https://www.tfrrs.org/athletes/6443352/Mississippi/Madeleine_King.html
147,6099370,Ashley Barnes,https://www.tfrrs.org/athletes/6099370/Tulsa/Ashley_Barnes.html
148,6871867,Julia Paternain,https://www.tfrrs.org/athletes/6871867/Penn_State/Julia_Paternain.html
149,7380145,Emma Sloan,https://www.tfrrs.org/athletes/7380145/Michigan/Emma_Sloan.html
150,7370362,Kathryn Gillespie,https://www.tfrrs.org/athletes/7370362/Texas/Kathryn_Gillespie.html
151,7001030,Caroline Miller,https://www.tfrrs.org/athletes/7001030/Tulsa/Caroline_Miller.html
152,6443353,Ylva Traxler,https://www.tfrrs.org/athletes/6443353/Mississippi/Ylva_Traxler.html
153,6897695,Jenna Kill,https://www.tfrrs.org/athletes/6897695/Air_Force/Jenna_Kill.html
154,6141714,Maddy Trevisan,https://www.tfrrs.org/athletes/6141714/Michigan/Maddy_Trevisan.html
155,5956980,Danae Rivers,https://www.tfrrs.org/athletes/5956980/Penn_State/Danae_Rivers.html
156,7404684,Olivia Markezich,https://www.tfrrs.org/athletes/7404684/Notre_Dame_IN/Olivia_Markezich.html
157,6877201,Sami Corman,https://www.tfrrs.org/athletes/6877201/Georgetown_DC/Sami_Corman.html
158,7394637,Maggie Smith,https://www.tfrrs.org/athletes/7394637/Villanova/Maggie_Smith.html
159,7387418,Skylar Boogerd,https://www.tfrrs.org/athletes/7387418/Mississippi/Skylar_Boogerd.html
160,7397914,Alexa  Westley,https://www.tfrrs.org/athletes/7397914/Wisconsin/Alexa__Westley.html
161,5982801,Teri Brady,https://www.tfrrs.org/athletes/5982801/Air_Force/Teri_Brady.html
162,6623983,Maggie Farrell,https://www.tfrrs.org/athletes/6623983/Michigan_State/Maggie_Farrell.html
163,6917065,Isabelle Brauer,https://www.tfrrs.org/athletes/6917065/Oregon/Isabelle_Brauer.html
164,6877075,Amanda Gehrich,https://www.tfrrs.org/athletes/6877075/Oregon/Amanda_Gehrich.html
165,7383989,Emily Royston,https://www.tfrrs.org/athletes/7383989/Butler/Emily_Royston.html
166,6957932,Bryn  Morley,https://www.tfrrs.org/athletes/6957932/Northern_Arizona/Bryn__Morley.html
167,6587172,Pipi Eitel,https://www.tfrrs.org/athletes/6587172/Northern_Arizona/Pipi_Eitel.html
168,6590810,Nevada Mareno,https://www.tfrrs.org/athletes/6590810/North_Carolina_St/Nevada_Mareno.html
169,6924526,Madison Marasco,https://www.tfrrs.org/athletes/6924526/Illinois/Madison_Marasco.html
170,5978539,Destiny Collins,https://www.tfrrs.org/athletes/5978539/Texas/Destiny_Collins.html
171,6550325,Olivia Johnson,https://www.tfrrs.org/athletes/6550325/Boise_State/Olivia_Johnson.html
172,7392315,Grace Brock,https://www.tfrrs.org/athletes/7392315/Boise_State/Grace_Brock.html
173,5966784,Tabor Scholl,https://www.tfrrs.org/athletes/5966784/Colorado/Tabor_Scholl.html
174,5962966,Taylor Knibb,https://www.tfrrs.org/athletes/5962966/Cornell/Taylor_Knibb.html
175,6877896,Maxine Paholek,https://www.tfrrs.org/athletes/6877896/Boise_State/Maxine_Paholek.html
176,7411509,Taryn O'Neill,https://www.tfrrs.org/athletes/7411509/Northern_Arizona/Taryn_O'Neill.html
177,7389428,Gracelyn Larkin,https://www.tfrrs.org/athletes/7389428/New_Mexico/Gracelyn_Larkin.html
178,6151291,Sarah Kettel,https://www.tfrrs.org/athletes/6151291/Michigan_State/Sarah_Kettel.html
179,6461745,Melia Chittenden,https://www.tfrrs.org/athletes/6461745/Princeton/Melia_Chittenden.html
180,6892697,Jacqueline Gaughan,https://www.tfrrs.org/athletes/6892697/Notre_Dame_IN/Jacqueline_Gaughan.html
181,6922642,Lilli Burdon,https://www.tfrrs.org/athletes/6922642/Washington/Lilli_Burdon.html
182,6539383,Cara Woolnough,https://www.tfrrs.org/athletes/6539383/Utah/Cara_Woolnough.html
183,7480903,Haley Herberg,https://www.tfrrs.org/athletes/7480903/Washington/Haley_Herberg.html
184,6427852,Shona McCulloch,https://www.tfrrs.org/athletes/6427852/Washington/Shona_McCulloch.html
185,7371416,Lauren Ryan,https://www.tfrrs.org/athletes/7371416/Florida_State/Lauren_Ryan.html
186,6422614,Maggie Schneider,https://www.tfrrs.org/athletes/6422614/Oakland/Maggie_Schneider.html
187,6444237,Addison Coggins,https://www.tfrrs.org/athletes/6444237/Florida_State/Addison_Coggins.html
188,5488224,Ann  Campbell,https://www.tfrrs.org/athletes/5488224/Villanova/Ann__Campbell.html
189,5956174,Abby Kohut-Jackson,https://www.tfrrs.org/athletes/5956174/Minnesota/Abby_Kohut-Jackson.html
190,7423944,Anastaysia Davis,https://www.tfrrs.org/athletes/7423944/BYU/Anastaysia_Davis.html
191,5466326,Miranda Myers,https://www.tfrrs.org/athletes/5466326/Northern_Arizona/Miranda_Myers.html
192,6539385,Bella  Williams,https://www.tfrrs.org/athletes/6539385/Utah/Bella__Williams.html
193,6465664,Hannah Butler,https://www.tfrrs.org/athletes/6465664/Brown/Hannah_Butler.html
194,6909382,Anna West,https://www.tfrrs.org/athletes/6909382/Michigan/Anna_West.html
195,6460921,Lauren White,https://www.tfrrs.org/athletes/6460921/Boston_College/Lauren_White.html
196,5487455,Lexie Thompson,https://www.tfrrs.org/athletes/5487455/Weber_State/Lexie_Thompson.html
197,6876392,Savannah Shaw,https://www.tfrrs.org/athletes/6876392/North_Carolina_St/Savannah_Shaw.html
198,6898964,Elizabeth Funderburk,https://www.tfrrs.org/athletes/6898964/Florida_State/Elizabeth_Funderburk.html
199,6952240,Annie  Hill,https://www.tfrrs.org/athletes/6952240/Colorado/Annie__Hill.html
200,5988983,Hannah Reinhardt,https://www.tfrrs.org/athletes/5988983/Albany/Hannah_Reinhardt.html
201,4981927,Sarah Feeny,https://www.tfrrs.org/athletes/4981927/Utah/Sarah_Feeny.html
202,6141694,Micaela DeGenero,https://www.tfrrs.org/athletes/6141694/Michigan/Micaela_DeGenero.html
203,6926562,Lucinda Crouch,https://www.tfrrs.org/athletes/6926562/Wisconsin/Lucinda_Crouch.html
204,6436600,Jordan Oakes,https://www.tfrrs.org/athletes/6436600/Stanford/Jordan_Oakes.html
205,6483504,Anna Juul,https://www.tfrrs.org/athletes/6483504/Harvard/Anna_Juul.html
206,5005165,Madeline Perez,https://www.tfrrs.org/athletes/5005165/Georgetown_DC/Madeline_Perez.html
207,6129941,Anna  Elkin,https://www.tfrrs.org/athletes/6129941/Mississippi/Anna__Elkin.html
208,5958470,Sara Freix,https://www.tfrrs.org/athletes/5958470/Virginia_Tech/Sara_Freix.html
209,6459082,Gabrielle Orie,https://www.tfrrs.org/athletes/6459082/Cornell/Gabrielle_Orie.html
210,5974557,Emma Grace Hurley,https://www.tfrrs.org/athletes/5974557/Furman/Emma_Grace_Hurley.html
211,4997497,Natalie Cizmas,https://www.tfrrs.org/athletes/4997497/Eastern_Michigan/Natalie_Cizmas.html
212,7422260,Grace Forbes,https://www.tfrrs.org/athletes/7422260/Rice/Grace_Forbes.html
213,5981810,Jessica Pascoe,https://www.tfrrs.org/athletes/5981810/Florida/Jessica_Pascoe.html
214,6460257,Rachel McArthur,https://www.tfrrs.org/athletes/6460257/Colorado/Rachel_McArthur.html
215,6454342,Alexandra Hays,https://www.tfrrs.org/athletes/6454342/Columbia/Alexandra_Hays.html
216,6877897,Yukino Parle,https://www.tfrrs.org/athletes/6877897/Boise_State/Yukino_Parle.html
217,5962952,Jenny Sandoval,https://www.tfrrs.org/athletes/5962952/San_Jose_State/Jenny_Sandoval.html
218,7039630,Maddy Denner,https://www.tfrrs.org/athletes/7039630/Notre_Dame_IN/Maddy_Denner.html
219,5956978,Kathryn Munks,https://www.tfrrs.org/athletes/5956978/Penn_State/Kathryn_Munks.html
220,6877074,Taylor Chiotti,https://www.tfrrs.org/athletes/6877074/Oregon/Taylor_Chiotti.html
221,6419176,Kristlin Gear,https://www.tfrrs.org/athletes/6419176/Furman/Kristlin_Gear.html
222,5959449,Maddy Reed,https://www.tfrrs.org/athletes/5959449/Arkansas/Maddy_Reed.html
223,7371410,Rebecca Clark,https://www.tfrrs.org/athletes/7371410/Florida_State/Rebecca_Clark.html
224,5960611,Katie Wasserman,https://www.tfrrs.org/athletes/5960611/Columbia/Katie_Wasserman.html
225,6023157,Poppy Tank,https://www.tfrrs.org/athletes/6023157/Utah/Poppy_Tank.html
226,6418585,Alison Willingmyre,https://www.tfrrs.org/athletes/6418585/Penn_State/Alison_Willingmyre.html
227,6423728,Lauren Gregory,https://www.tfrrs.org/athletes/6423728/Arkansas/Lauren_Gregory.html
228,6897693,Mikayla  Gallagher,https://www.tfrrs.org/athletes/6897693/Air_Force/Mikayla__Gallagher.html
229,5505565,Kelsie Warren,https://www.tfrrs.org/athletes/5505565/Texas_AM/Kelsie_Warren.html
230,6444260,Maudie Skyring,https://www.tfrrs.org/athletes/6444260/Florida_State/Maudie_Skyring.html
231,6876388,Mariah Howlett,https://www.tfrrs.org/athletes/6876388/North_Carolina_St/Mariah_Howlett.html
232,6099373,Caitlin Klopfer,https://www.tfrrs.org/athletes/6099373/Tulsa/Caitlin_Klopfer.html
233,6418102,Anna Kostarellis,https://www.tfrrs.org/athletes/6418102/Xavier/Anna_Kostarellis.html
234,6418358,Allison McGrath,https://www.tfrrs.org/athletes/6418358/Illinois/Allison_McGrath.html
235,6437451,Alison Pray,https://www.tfrrs.org/athletes/6437451/Southern_Utah/Alison_Pray.html
236,6436596,Julia Heymach,https://www.tfrrs.org/athletes/6436596/Stanford/Julia_Heymach.html
237,6444243,Jodie Judd,https://www.tfrrs.org/athletes/6444243/Florida_State/Jodie_Judd.html
238,5982798,Lindsey  Blanks,https://www.tfrrs.org/athletes/5982798/Air_Force/Lindsey__Blanks.html
239,6151585,Anna  Camp,https://www.tfrrs.org/athletes/6151585/BYU/Anna__Camp.html
240,7042314,Ivine Chemutai,https://www.tfrrs.org/athletes/7042314/Louisville/Ivine_Chemutai.html
241,6876671,Sarah Schmitt,https://www.tfrrs.org/athletes/6876671/Indiana_IN/Sarah_Schmitt.html
242,7372508,Anna Pataki,https://www.tfrrs.org/athletes/7372508/Portland/Anna_Pataki.html
243,6107430,Olivia Hoj,https://www.tfrrs.org/athletes/6107430/BYU/Olivia_Hoj.html
244,6910593,Adva Cohen,https://www.tfrrs.org/athletes/6910593/New_Mexico/Adva_Cohen.html
245,5962182,Dominique Clairmonte,https://www.tfrrs.org/athletes/5962182/North_Carolina_St/Dominique_Clairmonte.html
246,7415989,Abi Archer,https://www.tfrrs.org/athletes/7415989/Stanford/Abi_Archer.html
247,6008564,Alissa Niggemann,https://www.tfrrs.org/athletes/6008564/Wisconsin/Alissa_Niggemann.html
248,5016834,Isabelle Kennedy,https://www.tfrrs.org/athletes/5016834/Boston_College/Isabelle_Kennedy.html
249,6449814,Ashley Tutt,https://www.tfrrs.org/athletes/6449814/Northern_Illinois/Ashley_Tutt.html
250,5576627,Lynsie Gram,https://www.tfrrs.org/athletes/5576627/Michigan_State/Lynsie_Gram.html
251,5958968,Paige Hofstad,https://www.tfrrs.org/athletes/5958968/North_Carolina/Paige_Hofstad.html
252,6139226,Winny Koskei,https://www.tfrrs.org/athletes/6139226/Wichita_State/Winny_Koskei.html
253,6455158,Jenna Magness,https://www.tfrrs.org/athletes/6455158/Michigan_State/Jenna_Magness.html
254,5988645,Samantha Drop,https://www.tfrrs.org/athletes/5988645/Georgia/Samantha_Drop.html
255,5997861,Lotte Black,https://www.tfrrs.org/athletes/5997861/Rhode_Island/Lotte_Black.html
256,6425217,Holly Bent,https://www.tfrrs.org/athletes/6425217/Colorado/Holly_Bent.html
257,5466323,Mikayla Malaspina,https://www.tfrrs.org/athletes/5466323/Northern_Arizona/Mikayla_Malaspina.html
258,6133405,Abby Nichols,https://www.tfrrs.org/athletes/6133405/Ohio_State/Abby_Nichols.html
259,6121322,Jessica Drop,https://www.tfrrs.org/athletes/6121322/Georgia/Jessica_Drop.html
260,6537508,Mahala Norris,https://www.tfrrs.org/athletes/6537508/Air_Force/Mahala_Norris.html
261,5966783,Sage Hurta,https://www.tfrrs.org/athletes/5966783/Colorado/Sage_Hurta.html
262,6447735,Christina  Rice,https://www.tfrrs.org/athletes/6447735/UCLA/Christina__Rice.html
263,6445883,Maria Mettler,https://www.tfrrs.org/athletes/6445883/Air_Force/Maria_Mettler.html
264,6910599,Hannah Nuttall,https://www.tfrrs.org/athletes/6910599/New_Mexico/Hannah_Nuttall.html
265,5989585,Annie Fuller,https://www.tfrrs.org/athletes/5989585/Michigan_State/Annie_Fuller.html
266,6922644,Katie Rainsberger,https://www.tfrrs.org/athletes/6922644/Washington/Katie_Rainsberger.html
267,5537654,Jeralyn Poe,https://www.tfrrs.org/athletes/5537654/Michigan_State/Jeralyn_Poe.html
268,6876669,Bailey Hertenstein,https://www.tfrrs.org/athletes/6876669/Indiana_IN/Bailey_Hertenstein.html
269,7237549,Camila Noe,https://www.tfrrs.org/athletes/7237549/Montana_State/Camila_Noe.html
270,6874631,Lydia Olivere,https://www.tfrrs.org/athletes/6874631/Villanova/Lydia_Olivere.html
271,5959452,Carina Viljoen,https://www.tfrrs.org/athletes/5959452/Arkansas/Carina_Viljoen.html
272,5962973,Fiona O'Keeffe,https://www.tfrrs.org/athletes/5962973/Stanford/Fiona_O'Keeffe.html
273,5642157,Amy  Davis,https://www.tfrrs.org/athletes/5642157/Wisconsin/Amy__Davis.html
274,7380147,Ericka VanderLende,https://www.tfrrs.org/athletes/7380147/Michigan/Ericka_VanderLende.html
275,6135595,Egle Morenaite,https://www.tfrrs.org/athletes/6135595/Iona/Egle_Morenaite.html
276,6449963,Hannah  Steelman ,https://www.tfrrs.org/athletes/6449963/Wofford/Hannah__Steelman_.html
277,7366522,Kelsey Chmiel,https://www.tfrrs.org/athletes/7366522/North_Carolina_St/Kelsey_Chmiel.html
278,5462804,Devin Clark,https://www.tfrrs.org/athletes/5462804/Arkansas/Devin_Clark.html
279,5974558,Gabrielle Jennings,https://www.tfrrs.org/athletes/5974558/Furman/Gabrielle_Jennings.html
280,7389582,Aoibhe Richardson,https://www.tfrrs.org/athletes/7389582/San_Francisco/Aoibhe_Richardson.html
281,6504820,Taylor Somers,https://www.tfrrs.org/athletes/6504820/Oklahoma_State/Taylor_Somers.html
282,5506841,Anna Rohrer,https://www.tfrrs.org/athletes/5506841/Notre_Dame_IN/Anna_Rohrer.html
283,6911493,Molly Born,https://www.tfrrs.org/athletes/6911493/Oklahoma_State/Molly_Born.html
284,6445545,Cailie Logue,https://www.tfrrs.org/athletes/6445545/Iowa_State/Cailie_Logue.html
285,6574469,Joyce Kimeli,https://www.tfrrs.org/athletes/6574469/Auburn/Joyce_Kimeli.html
286,5974553,Savannah Carnahan,https://www.tfrrs.org/athletes/5974553/Furman/Savannah_Carnahan.html
287,7480910,Melany Smart,https://www.tfrrs.org/athletes/7480910/Washington/Melany_Smart.html
288,6436597,Jessica Lawson,https://www.tfrrs.org/athletes/6436597/Stanford/Jessica_Lawson.html
289,5962183,Elly Henes,https://www.tfrrs.org/athletes/5962183/North_Carolina_St/Elly_Henes.html
290,5994181,Ednah Kurgat,https://www.tfrrs.org/athletes/5994181/New_Mexico/Ednah_Kurgat.html
291,5962972,Ella Donaghu,https://www.tfrrs.org/athletes/5962972/Stanford/Ella_Donaghu.html
292,5998586,Whittni Orton,https://www.tfrrs.org/athletes/5998586/BYU/Whittni_Orton.html
293,5463971,Erica Birk,https://www.tfrrs.org/athletes/5463971/BYU/Erica_Birk.html
294,6107448,Courtney Wayment,https://www.tfrrs.org/athletes/6107448/BYU/Courtney_Wayment.html
295,5959453,Taylor Werner,https://www.tfrrs.org/athletes/5959453/Arkansas/Taylor_Werner.html
296,7388040,Katie Izzo,https://www.tfrrs.org/athletes/7388040/Arkansas/Katie_Izzo.html
297,6008563,Alicia Monson,https://www.tfrrs.org/athletes/6008563/Wisconsin/Alicia_Monson.html
298,6438775,Weini Kelati,https://www.tfrrs.org/athletes/6438775/New_Mexico/Weini_Kelati.html
